BEGIN;

-- 1) Users
-- Columns: id, email, password, username, school, major, grad_year, interests, bio, registered
INSERT INTO users (id, email, password, username, school, major, grad_year, interests, bio, registered) VALUES
(1, 'alice.nguyen@example.com', '$2a$10$TcO2WyR3czaLw0aTUdqVkOdhr.JDGlKyWqNRgpml7JXmGz9dkt8c.', 'alice', 'University of California, Berkeley', 'Computer Science', 2025, 'robotics, hiking, cooking', 'Passionate full‑stack engineer who loves building robots.', true),
(2, 'bob.martinez@example.com', '$2a$10$8H.TkPLChpCeSizUIpxKVedajO.ItmEqPOKGmPGGT/XXDyqp2ZAhi', 'bob', 'Massachusetts Institute of Technology', 'Mechanical Engineering', 2024, '3D printing, drones, photography', 'Mechanical engineer with a flair for rapid prototyping.', true),
(3, 'carol.chen@example.com', '$2a$10$nz/lwrjEmhqrYNPAWkBtAOBzXXgHsh6uZkY2oRuYdCzxhmfjFtzaW', 'carol', 'Stanford University', 'Electrical Engineering', 2026, 'embedded systems, IoT, machine learning', 'EE undergrad exploring AI at the edge.', true),
(4, 'dave.kim@example.com', '$2a$10$tIi7UPu9xrr6lC1YqA84VexTye9o.g.qe3oVCkFjegsd5.MeiFwCe', 'davekim', 'University of California, Berkeley', 'Electrical Engineering & Computer Sciences', 2026, 'robotics, hiking, jazz', 'I’m a EECS undergrad passionate about building autonomous drones and playing saxophone in weekend jazz jams.', true),
(5, 'emily.rodriguez@example.com', '$2a$10$afc0ZDnT4UVAqX8p4MCGLuVzL.9ybUnhG8Y/uLiuMJqW6UL65k7ri', 'emilyr', 'MIT', 'Mechanical Engineering', 2025, '3D printing, ceramics, entrepreneurship', 'I''m a mechanical engineer who designs low‑cost prosthetics and loves throwing pots in my free time.', true),
(6, 'frank.zhao@example.com', '$2a$10$ZZogkbTxcRty5omIxNGi0el5kOJQFCIjo7OnlgXIAPFilo4FyRbwG', 'fzhao', 'Georgia Institute of Technology', 'Computer Science', 2025, 'competitive programming, basketball, travel', 'CS major with a passion for algorithms, building scalable backend systems, and hoop dreams.', true),
(7, 'grace.lee@example.com', '$2a$10$o0yCiE9saouRmWjDbwKrt.EIohHkGcOnEK1oGHPpXxhBATuUYKhlq', 'gracelee', 'Stanford University', 'Bioengineering', 2026, 'molecular biology, hiking, digital art', 'Bioengineering student researching gene therapies; weekend hiker and digital painter.', true),
(8, 'henry.thompson@example.com', '$2a$10$CfJbeQYtIec8wqLv.GNoYuwgpOeXP.MLCL7I2U9KuJ/HQYEDlTUSW', 'hthompson', ' Carnegie Mellon University', ' Information Systems', 2025, 'fintech, chess, cooking', 'IS major focused on fintech startups; weekend chess competitor and home chef', true),
(9, 'isabella.martinez@example.com', '$2a$10$zzreV3TrZKMcAcxS/vm9fu5WNgalrQuoJj2vjsL3vRX1S8RYHRC62', 'imartinez', ' Carnegie Mellon University', ' Information Systems', 2025, ' fintech, strategy games, baking', 'IS major passionate about digital payments and competitive board games; loves perfecting sourdough recipes on weekends.', true),
(10, 'krishavs@wharton.upenn.edu', '$2a$10$Qp9phJjYgtohII86KWqDvO91cxXImb328TB2bfA/scvltI9tQwvpO', 'krishavs1', 'UPenn', 'Comp Sci and Finance', 2028, 'tennis', 'I''m Krishav', true);

-- 2) Experiences
-- Columns: user_id, entry
INSERT INTO experiences (user_id, entry) VALUES
(1, 'Personal Assistant Robot (2023)'),
(1, 'Python + ROS controller for tabletop robot arm.'),
(2, 'Autonomous Drone (2023)'),
(2, 'Arduino‑powered quadcopter with waypoint navigation.'),
(3, 'Smart Home Hub (2023)'),
(3, 'Raspberry Pi controller with ML‑based energy optimization.'),
(4, 'Jazz Chatbot — Personal Project'),
(4, 'Built a chatbot that recommends jazz standards based on mood using Node.js &'),
(4, 'TensorFlow'),
(4, 'Deployed demo on Heroku, served 100+ users'),
(5, 'Solar‑Powered Pottery Kiln — Senior Design'),
(5, 'Engineered a portable solar kiln for off‑grid ceramic firing'),
(5, 'Presented prototype at MIT Innovation Expo'),
(6, 'Distributed Key‑Value Store — Academic Project'),
(6, 'Implemented Raft consensus in Go; supported partition tolerance'),
(6, 'Published code on GitHub with 500+ stars'),
(7, 'Digital Biology Art — Personal Project'),
(7, 'Created generative art maps of genome data using Processing'),
(8, 'Smart Budgeting App — Capstone'),
(8, 'Developed mobile/web budgeting tool with React and Firebase'),
(8, 'Deployed to Android & iOS; 200+ downloads in 1 month'),
(9, 'BoardGame Analytics Dashboard — Personal Project'),
(9, 'Built a web app that tracks and visualizes your board‑game play history using React and'),
(9, 'D3.js'),
(10, '––––––––––––––––––––––––––––––––––––––––––––––––––––––––––––––––––––––––––––––––––––––––––––––––––––––––––––––––'),
(10, 'Investment Analyst - M&T Innovation Fund                                                                                                    August 2024-Present'),
(10, '● Sourced and evaluated 6 early‐stage startups from a 72‐applicant pool, conducting market due diligence'),
(10, '● Built a bottom‐up TAM analysis for Civic, recommending it as 1 of 3 ventures selected for a non‐equity grant'),
(10, '● Presented strategic findings to alumni investors and Civic leadership, validating the startup’s ROI potential'),
(10, 'Quantitative Finance Committee - Wharton Undergraduate Finance Club                                                  August 2024-Present'),
(10, '● 3rd place in WUFC’s quantitative trading competition, deploying a market-making strategy focused on risk‐adjusted return'),
(10, '● 2nd place in WUFC’s stock pitch competition, pitched long thesis for Grindr driven by expanding EBIDTA margins and revenue'),
(10, '○ Built DCF model for Grindr; stock rose 49% over 6 months after pitch'),
(10, '● Researched statistical arbitrage & collaborated on simulation trades, improving Sharpe ratios & PnL consistency'),
(10, 'Consultant - Parachute Home                                                                                                                       September 2024-Present'),
(10, '● Analyzed market and competitors via surveys & sentiment data, uncovering loyalty gaps & pricing levers'),
(10, '● Recommended loyalty programs & sustainability messaging to drive retention & bolster brand value'),
(10, '● Presented findings on customer lifetime value & ROI, illustrating growth potential for private investors');

-- 3) Skills
-- Columns: user_id, skill
INSERT INTO skills (user_id, skill) VALUES
(1, '• Python'),
(1, 'JavaScript/TypeScript'),
(1, 'C++'),
(1, '• ROS'),
(1, 'Docker'),
(1, 'Git'),
(1, '• Certified Kubernetes Application Developer (CKAD)'),
(2, '• SolidWorks'),
(2, 'MATLAB'),
(2, 'Python'),
(2, '• 3D Printing (FDM'),
(2, 'SLA)'),
(2, '• OSHA Safety Certified'),
(3, '• C/C++'),
(3, 'Python'),
(3, 'TensorFlow Lite'),
(3, '• Linux kernel modules'),
(3, 'MQTT'),
(3, 'BLE'),
(3, '• IEEE Certified LabVIEW Developer'),
(4, 'Python'),
(4, 'C++'),
(4, 'ROS'),
(4, 'TensorFlow'),
(4, 'MATLAB'),
(4, 'Git'),
(5, 'SolidWorks'),
(5, 'AutoCAD'),
(5, '3D Printing'),
(5, 'FDM'),
(5, 'MATLAB'),
(5, 'Arduino'),
(6, 'Java'),
(6, 'Go'),
(6, 'JavaScript (Node/React)'),
(6, 'SQL'),
(6, 'Docker'),
(6, 'Kubernetes'),
(7, 'Python'),
(7, 'MATLAB'),
(7, 'CRISPR design'),
(7, 'Git'),
(7, 'Adobe Photoshop'),
(8, 'JavaScript (React/Node)'),
(8, 'Python'),
(8, 'SQL'),
(8, 'Firebase'),
(8, 'Git'),
(8, 'QuickBooks'),
(9, 'JavaScript (React/Node)'),
(9, 'Python'),
(9, 'SQL'),
(9, 'Figma'),
(9, 'Git'),
(9, 'Agile/Scrum'),
(10, 'Technical: Python (pandas/numpy)'),
(10, 'SQL'),
(10, 'Java'),
(10, 'JavaScript'),
(10, 'Excel'),
(10, 'Financial Modeling (DCF'),
(10, 'Comps)'),
(10, 'Spoken Languages: English (Speak/Write)'),
(10, 'Spanish (Speak/Write)'),
(10, 'Hindi/Urdu (Speak)'),
(10, 'Mandarin (beginner)'),
(10, 'Personal Interests: Club Tennis'),
(10, 'Music Production'),
(10, 'Chess'),
(10, 'Poker'),
(10, 'Sustainability'),
(10, 'Accessibility'),
(10, 'usp=sharing');

-- 4) Friendships
-- Columns: user_id, friend_id
INSERT INTO friendships (user_id, friend_id) VALUES
(1, 2),
(1, 3),
(1, 4),
(1, 6),
(1, 10),
(2, 1),
(2, 5),
(2, 7),
(2, 8),
(2, 9),
(2, 10),
(3, 1),
(3, 4),
(3, 9),
(4, 1),
(4, 3),
(4, 5),
(4, 8),
(4, 9),
(5, 2),
(5, 4),
(6, 1),
(6, 7),
(7, 2),
(7, 6),
(7, 8),
(7, 9),
(8, 2),
(8, 4),
(8, 7),
(8, 9),
(8, 10),
(9, 2),
(9, 3),
(9, 4),
(9, 7),
(9, 8),
(9, 10),
(10, 1),
(10, 2),
(10, 8),
(10, 9);

COMMIT;